X,Y,Name,affiliation,awe_walk(y/n),initial_interview,mode,location,history(y/n),frequency,morphology1,morphology2,phenomenology1,phenomenology2,binary_threshold,binary_surprise,binary_sanctuary,binary_other,description
-71.0807,42.35489,A Familiar Cherry Tree,gardener,n,n,walk,park,n,timeless,nature,plant,wonder,familiar,n,n,n,y,"""familiarity of cherry tree that she uses as marker for walking loops around the Esplanade; the moss on the tree is mysterious and inviting"""
-71.0791,42.37255,A Newly Discovered Mural,gardener,n,n,walk,street,n,timeless,visual_design,art/object,beauty,novel,n,y,n,n,"""noticing something new: https://www.flickr.com/photos/runjanefox/27458264880
""We Speak for Those Who Can't Mural"""""
-71.1418,42.373,A Stranger Speaks of Spring,gardener,y,n,walk,park,n,periodic,moral_beauty,people,interconnection,inclusive,n,y,n,y,"""interconnection - pleasant to run into man in the park in the snow with his dog:
the man said ""it almost feels like spring, the sun feels warmer. this has been one of the most punishing winters in some time"""
-71.1196,42.38874,A View to Boston from Porter Square,CRA,y,n,walk,street,n,timeless,nature,vista,wonder,expansive,n,n,n,n,"""beauty of seeing all the way to Boston from Cambridge; feeling of being in Boston area but not being in Boston itself"""
-71.1209,42.37299,"A warm, late winter day at Harvard Square",gardener,n,n,walk,plaza,n,seasonal,collective_effervescence,people,interconnection,novel,n,n,n,n,"""collective effervescence - Tuesday evening in Harvard sq, seeing so many people outside interacting and feeling like city was full of life"""
-71.1296,42.38981,Abandoned land covered in clover,gardener,n,y,walk,park,n,seasonal,nature,plant,wonder,wild,n,y,n,n,"""wonder; strangeness of land covered in clover"""
-71.137,42.37854,Accessible Beauty,gardener,n,y,walk,street,n,seasonal,nature,green space,beauty,curated,n,n,n,n,"""appreciation for the beauty of the garden; appreciation for the people who did hide this garden from view - seeing this as a contribution to the community"""
-71.1167,42.37187,Adams House Gate,personal,y,n/a,walk,street,n,timeless,visual_design,art/object,beauty,ornate,n,n,n,n,gorgeous gate
-71.1082,42.363,Amigos Elementary School,gardener,n,y,walk,educational,n,daily,collective_effervescence,communities,interconnection,inclusive,n,n,n,n,"""interconnection; preschool community provides a sense of connection and welcomed cultural experience since its a spanish immersion school"""
-71.10913,42.36109,"Animals that begin with ""Ra""",gardener,n,y,walk,street,n,periodic,nature,animal,wonder,wild,n,y,n,y,"wonder; saw three animals whose names all begin with RA; raccoon, rat, rabbit; felt a sense of amusement"
-71.1274,42.37472,Apple Tree,gardener,n,y,walk,park,n,timeless,nature,plant,wonder,wild,n,n,n,y,"""wonder"""
-71.1208,42.30735,Arnold Arboretum of Harvard University,gardener,n,y,walk,park,y,daily,nature,plant,beauty,impressive,n,n,n,n,"""place of awe; plants and effort to obtain these plants"""
-71.0999,42.3633,Art Installation at Jill Brown-Rhone Park,CRA,n,y,walk,park,n,timeless,visual_design,art/object,mystery,inclusive,n,y,n,n,"""mystery - moments of learning or discovery
""I enjoy the discovery of items/experiences that were intended to be discovered.  It feels like a whimsical conversation with the unknown.  I get to complete what they started.  This, to me, is part of the joy of living in a city."""""
-71.1363,42.31136,Asphalt to Stone,CRA,y,n,walk,park,n,timeless,nature,green space,interconnection,intimate,y,n,n,n,"""awe walk- feeling of 'immersion' when walking on stone versus walking on asphalt"""
-71.1201,42.37202,Beautiful Brick Facade,personal,y,n/a,walk,street,n,timeless,visual_design,architecture,beauty,ordinary,n,n,n,n,im not sure what it was about this building in this moment; it not particularly ornate but in this moment the color of the brick seemed quite beautiful
-71.0826,42.37059,Beautiful Brick Home 2,personal,y,n/a,walk,street,n,timeless,visual_design,architecture,beauty,impressive,n,n,n,n,a lovely brick home with a fun staircase and semi-circle window
-71.1294,42.37596,Beautiful Homes at Night,CRA,y,n,walk,street,n,timeless,visual_design,architecture,beauty,intimate,n,n,n,n,"""beauty/visual design; Going by longfellow park and went to neighborhoods between mt auburn st and river heading west; backside a really fancy houses on brattle st
Beautiful close to together homes
At night, beautiful and charming"""
-71.0914,42.37274,Being a regular at Satellite,CRA,n,y,walk,"civic, community and cultural venues",n,daily,collective_effervescence,communities,interconnection,inclusive,n,n,n,n,"""interconnection; process of converting people from stranger to friends; Feeling a part of constellation that is connecting her to other stars in area"""
-71.1271,42.39246,Bell Hanging from Tree,CRA,y,n,walk,street,n,timeless,visual_design,art/object,beauty,novel,n,y,n,n,"""moment of whimsy and appreciation"""
-71.1115,42.37581,Best Ever Alleyway,gardener,n,n,walk,street,n,timeless,visual_design,infrastructure,beauty,functional,y,n,n,n,"""Pleasurable cut through because its not the sidewalk and road, Perfect shortcut, Fluidity"""
-71.0948,42.34707,Big Thief Concert at MGM Music Hall,personal,n,n/a,walk,"civic, community and cultural venues",n,periodic,music,event,beauty,impressive,n,n,n,n,
-71.0976,42.3681,Birdie Bush_1,personal,n,n/a,walk,street,n,seasonal,nature,animal,wonder,impressive,n,n,n,y,
-71.0952,42.36661,Birdie Bush_2,personal,n,n/a,walk,street,n,seasonal,nature,animal,wonder,impressive,n,n,n,y,
-71.0965,42.3793,Birds on the Roof of a Church,personal,n,n/a,bike,street,n,periodic,nature,animal,wonder,novel,n,y,n,y,wondering what the birds are all doing there
-71.0965,42.37939,Birds on the Roof of a Church 2,personal,n,n/a,bike,street,n,periodic,nature,animal,wonder,novel,n,y,n,y,this time i was biking and saw the birds flying to the roof. i was surprised to see the birds here again. i wonder what draws them to this location
-71.0778,42.37212,Birds Punctuating Corrugated Metal,CRA,y,n,transit,corridor,n,ephemeral,nature,animal,wonder,wild,n,y,n,n,"""wonder; a feeling of whimsy and magic being there in that moment to see it - ""As she was leaving walk and getting on train, she saw beautiful piece of inset corrugated steel in building; corrugation was broad that created pocket at the bottom; black birds sitting at the bottom these pockets; almost like beautiful framed picture that looked like long elegant vertical font and the birds punctuated the lines of the steel at the bottom"""""
-71.1564,42.3952,Blair Pond,gardener,n,n,walk,park,n,timeless,nature,water,beauty,wild,n,n,y,n,"""bike path feels green and then weirdly industrial; weird little spots that feels accidental, Something charming and unintentional"""
-71.1078,42.37958,Blue Tiles on Side of Building,personal,n,n/a,bike,street,n,timeless,visual_design,architecture,beauty,ornate,n,n,n,n,the blueness of these tiles caught my attention
-71.0787,42.34924,Boston Public Library Courtyard,personal,n,n/a,walk,"civic, community and cultural venues",y,daily,visual_design,architecture,beauty,ornate,n,n,y,n,beautiful courtyard
-71.0916,42.34624,Boylston Street Bridge,gardener,y,n,walk,park,y,timeless,visual_design,infrastructure,beauty,ornate,n,n,n,n,"""beauty of old bridge"""
-71.14,42.37641,Brick House,personal,y,n/a,bike,street,n,timeless,visual_design,architecture,beauty,ornate,n,n,n,n,lovely small brick home with bricks randomly sticking out in a pleasing manner
-71.1323,42.40064,Brief Enjoyment of the Rain,gardener,n,n,walk,street,n,periodic,nature,weather,wonder,wild,y,n,n,n,"""brief moment of emergence; clarity and awareness of what the world is doing; Momentarily experience of real world and the peculiarities of weather"""
-71.0813,42.36285,Broad Canal Walk,CRA,n,y,walk,waterfront,n,timeless,nature,water,wonder,intimate,y,n,n,n,"""pocket parks can be charming; things that you stumble upon
finds these moments or places to be one of the most compelling about others cities → finds that these things make a place memorable"""
-71.089,42.36283,Broad Discovery Center,CRA,n,y,walk,educational,n,daily,collective_effervescence,architecture,wonder,impressive,n,n,n,n,"""wonder; opportunity to really learn about what is going on behind the scenes of the buildings in Kendall"""
-71.0878,42.35851,Bubbling Water,CRA,y,n,walk,waterfront,n,seasonal,nature,water,beauty,novel,n,y,n,n,"""beautiful/cool; Interface of bubble water, ice and dock (bubbling water to keep ice from forming on docks)"""
-71.1428,42.37378,Budding Trees and Hungry Squirrels,gardener,y,n,walk,park,n,seasonal,nature,plant,wonder,novel,n,n,n,y,"""familiar feeling unfamiliar - nature-a trees budding sooner than she realized; she was able to tell that the trees we're budding because she heard the squirrels moving around above and saw them eating the buds"""
-71.0912,42.35414,Busy Bridge Due to Warmer Weather,gardener,n,n,walk,street,n,seasonal,collective_effervescence,people,interconnection,novel,n,y,n,n,"""interconnection; Noticing big changes due to warm temperatures - more people outside"""
-71.1057,42.36714,Cambridge City Hall Moniker,CRA,n,y,walk,street,n,timeless,epiphany/knowledge,people,mystery,impressive,n,y,n,n,"""mystery: moniker above city hall that says “where the laws are not enforced the people are not well governed”; this provides a sense of mystery when thinking about who felt so strongly that they had to put it on city hall
- visual design and beauty of city hall"""
-71.1107,42.37412,Cambridge Public Library,gardener,n,y,walk,"civic, community and cultural venues",n,seasonal,nature,light,beauty,novel,n,n,y,n,"""attention/appreciation; sitting at certain table in an open space in the back corner that receives light in the afternoon"""
-71.0862,42.36224,Cambridge Science Carnival,CRA,n,y,walk,educational,n,recurring,epiphany/knowledge,event,wonder,impressive,n,n,n,n,"""wonder and curiosity; https://mitmuseum.mit.edu/more/cambridge-science-carnival"""
-71.1067,42.36683,Cambridge YMCA Sauna,gardener,n,y,walk,"civic, community and cultural venues",n,daily,collective_effervescence,people,interconnection,inclusive,n,n,n,y,"""interconnection: locker room conversations"""
-71.0764,42.36813,CambridgeSide Smells,gardener,n,y,walk,industry/office,n,periodic,epiphany/knowledge,smell,wonder,novel,y,y,n,n,"""attention; smell of food, river and algae"""
-71.0814,42.36444,Canal District Kendall,CRA,n,y,walk,waterfront,n,timeless,nature,water,beauty,novel,n,y,n,n,"""beautiful/discovery; something that has caught her attention"""
-71.0807,42.37043,Centanni Way,personal,y,n/a,walk,street,n,timeless,nature,green space,beauty,intimate,n,n,y,n,
-71.0954,42.35604,Charles River Between Harvard and MIT,CRA,y,n,walk,waterfront,n,timeless,nature,vista,vastness,expansive,n,n,n,n,River was frozen and covered in snow: vast plain of white - coldness ; polar adventure feeling; river has changed a lot but something has been rolling down there for a long time
-71.076,42.3686,Charles River Boat Company,gardener,n,y,walk,waterfront,n,seasonal,nature,water,vastness,expansive,n,n,n,n,"""vastness; the connection between the river and the ocean; goes on ride with daughter each year"""
-71.1223,42.39278,City Limits,CRA,y,n,walk,street,n,timeless,visual_design,art/object,wonder,ordinary,n,n,n,n,"""awe in the the change of street signs between cities"""
-71.0953,42.37632,Cobblestones Revealed,personal,n,n/a,walk,street,y,periodic,epiphany/knowledge,art/object,beauty,novel,n,n,n,n,
-71.1201,42.3757,Connection to American Revolution - Cambridge Common,CRA,n,y,walk,park,y,timeless,epiphany/knowledge,green space,interconnection,impressive,n,n,n,n,""" interconnection and historical relationship to the American Revolution
rootedness in american history - ""the history of Cambridge Common, the old burying ground, etc. it's hard not to be reminded that Cambridge is one of the oldest parts of post-colonial America"""""
-71.1525,42.38469,Crackling Ice at Fresh Pond,gardener,n,y,walk,park,n,seasonal,nature,weather,beauty,expansive,n,n,n,y,"""wonder; nature- vastness of crackling, frozen ice and blowing wind"""
-71.1217,42.39087,CSCA Cafe Front Patio,CRA,n,n,walk,"civic, community and cultural venues",n,daily,collective_effervescence,communities,interconnection,inclusive,n,n,n,n,"""interconnection - place where chefs spend time; beautifulfront patio; student made pastries; adorable and friendly; neigborhoody"""
-71.1034,42.35647,Cultural Experience,gardener,n,y,walk,corridor,n,ephemeral,epiphany/knowledge,people,wonder,novel,n,y,n,y,"""wonder; experience native american man near train car that was frequented by alcoholics"""
-71.1203,42.37605,Curious Art Installation in Cambridge Common,personal,y,n/a,walk,park,n,timeless,visual_design,art/object,mystery,novel,n,y,n,n,
-71.1331,42.389,Danehy Park,gardener,n,y,walk,park,n,timeless,nature,green space,mystery,expansive,n,n,y,y,"""vastness: some areas with peaceful quality too;mystery of connecting with something other"""
-71.0886,42.36417,Danny Lewin Park,CRA,n,y,walk,park,n,timeless,nature,green space,wonder,intimate,y,n,n,n,"""pocket parks can be charming; things that you stumble upon
finds these moments or places to be one of the most compelling about others cities → finds that these things make a place memorable"""
-71.125,42.33392,Dappled Light and Frozen Branches,CRA,n,y,bike,street,n,periodic,nature,plant,beauty,novel,n,n,n,n,"""nature - morning sleet that hung to tree branches; beautiful atmospheric experience – acknowledged that this hasn't happened in 4 years, dappled light; this was experienced during his entire commute from Brookline to Cambridge"""
-71.1038,42.35626,Dead Screech Owl by Train Car,gardener,n,y,walk,corridor,n,ephemeral,life/death,animal,wonder,novel,n,y,n,y,"""wonder"""
-71.1361,42.39106,Dodgy Area Behind Danehy,gardener,n,n,walk,park,n,timeless,nature,green space,mystery,wild,n,n,y,n,"""where you'll see and owl; nice crab apple trees"""
-71.1372,42.39053,Dog Park and Picnic Benches at Danehy Park,gardener,n,y,walk,park,n,daily,collective_effervescence,people,interconnection,familiar,n,n,n,n,"""interconnection"""
-71.0906,42.36456,Draper Defense Research Lab,CRA,n,y,walk,industry/office,n,timeless,epiphany/knowledge,architecture,interconnection,impressive,n,n,n,n,"""interconnection of defense labs"""
-71.0906,42.36438,Draper Labs,CRA,n,y,walk,industry/office,n,timeless,epiphany/knowledge,architecture,mystery,exclusive,n,n,n,n,"""mystery: wondering what is happening in these opaque and mysterious labs"""
-71.0742,42.3668,"Ducks, Geese, Ice, Water & Seasonal Transitions",gardener,y,n,walk,waterfront,n,seasonal,nature,weather,beauty,intimate,n,n,n,y,"""Although I’m familiar with this area and have walked here before as well as eaten on the deck of Royal Sonesta which has a similar view of Boston, on this awe walk I really noticed what was very close to me i.e. the water/ice and ducks/geese which I usually don’t notice so much since normally I’m admiring the Boston buildings/skyline. It was an interesting time to be walking at the end of winter. I observed how much of the river was liquid water but that parts were also fragile-looking clear crystal like sheets of ice and then some thicker opaque white ice. It was interesting to see the ducks and geese swim through the liquid water but then also walk along the more solid ice. Sadly there was one goose who was dead and frozen/encased in the ice. And then alongside the river, there were geese walking and looking around in the grass/mud/puddles. In one sense the landscape was a bit drab but also nice to pause for a moment to notice the dirty snow, emerging grass, and mud puddles since I imagine in a couple weeks the landscape will look very different. I noticed various animal footprints as I crossed over a snowy area on my walk. In the background, I saw the Boston skyline and red line train passing by as usual.

I heard a variety of sounds including people’s footsteps running by, sirens, horns, construction, ducks/geese noises, the crunch of my boots walking over the snow at times."""
-71.1036,42.35643,Elephant Droppings,gardener,n,y,walk,corridor,n,ephemeral,nature,animal,wonder,novel,n,y,n,y,"""wonder; Barnham and Baileys circus cars/collecting elephant droppings for garden compost"""
-71.0863,42.37153,Elm Sentinel,personal,y,n/a,walk,street,n,timeless,nature,plant,wonder,impressive,n,n,n,y,
-71.0909,42.3693,Evergreen Trees,personal,y,n/a,walk,street,n,timeless,nature,plant,mystery,impressive,n,y,n,y,"""intrigue about these two trees; they almost felt out of place"""
-71.0888,42.37021,Evidence of a Storm,personal,y,n/a,walk,street,n,periodic,nature,art/object,mystery,wild,n,n,n,y,"""debris and fallen branches from storm earlier in the week"""
-71.1051,42.35329,Experiencing the Water's Edge,CRA,n,n,walk,waterfront,n,timeless,nature,water,beauty,intimate,n,n,y,n,"""nature- It feels different from other place in Cambridge; it offers a tranquil feeling; away from people; opportunity to recharge; reprieve"""
-71.0949,42.36593,Faucet Bench,personal,n,n/a,walk,park,n,timeless,visual_design,art/object,beauty,ornate,n,n,n,n,public art
-71.1212,42.3921,Favorite Corner Ever,CRA,y,n,walk,street,n,timeless,visual_design,architecture,beauty,impressive,n,n,n,n,"""beauty/visual design- ""favorite corner ever""; one particularly beautiful home on the corner with differing flags that the homeowners hang - loves the 1885ness of the house; can see beautiful fence and post work at other nearby homes; beautiful details on nearby houses; quality of light on the street in the summer is beautiful"""
-71.0814,42.36446,Figure Skating Event at Kendall Sq. Ice Rink,gardener,n,y,walk,park,n,seasonal,collective_effervescence,event,wonder,impressive,n,n,n,n,"""wonder, figure skating"""
-71.1058,42.36652,Flowers growing wild,gardener,n,y,walk,park,n,seasonal,nature,plant,wonder,impressive,n,n,n,n,"""wonder; indian blanket plant going and wildflower patch that was out of control"""
-70.9286,42.47105,Fluff Factory,CRA,n,y,walk,industry/office,n,timeless,epiphany/knowledge,architecture,interconnection,impressive,n,n,n,n,"""interconnection through global distribution"""
-71.1365,42.31186,Forest to Meadow Ecotone,CRA,y,n,walk,park,n,timeless,nature,plant,interconnection,intimate,y,n,n,y,"""awe walk - appreciation of shift from one landscape to another; feeling of interconnection with landscape"""
-71.126,42.37639,Forgotten Souls of Tory Row,personal,y,n/a,bike,street,y,timeless,epiphany/knowledge,art/object,wonder,impressive,n,y,n,n,i was at first inaware of what this installation was then was in awe (maybe in an awful sense) of the history of cambridge
-71.0797,42.36852,Fox Decoration,CRA,y,n,walk,street,n,timeless,visual_design,art/object,wonder,ornate,n,n,n,n,"""something left to be discovered and enjoyed (inexact location)"""
-71.0844,42.36237,Galaxy Park,CRA,n,y,walk,park,n,timeless,nature,green space,wonder,intimate,y,n,n,n,"""pocket parks can be charming; things that you stumble upon
finds these moments or places to be one of the most compelling about others cities → finds that these things make a place memorable"""
-71.1154,42.37853,Gem and Minerals Collection at Harvard Museum of Natural History,personal,n,n/a,walk,educational,n,daily,nature,art/object,beauty,impressive,n,n,n,y,
-71.0798,42.36766,Giant Squash Sculptures at Costa Lopez Taylor Park Community Garden,CRA,y,n,walk,park,n,timeless,visual_design,art/object,mystery,inclusive,n,y,n,n,"""mystery in discovery; wonder and appreciation that this it here to enjoy; interconnection being a part of a public conversation viz-a-viz this art piece
- www.cambridgema.gov/-/media/Files/artscouncil/publicart/publicarttourcardspdf/CA_PublicArt_Cards_FullSet.pdf"""
-71.1156,42.37846,Glass Flowers Exhibit at Harvard Museum of Natural History,personal,n,n/a,walk,educational,n,daily,visual_design,art/object,beauty,impressive,n,n,n,n,
-71.1322,42.38292,Glistening Branches,gardener,n,n,walk,street,n,periodic,nature,plant,beauty,novel,n,n,n,n,"""observing branches that were covered in ice and glistening; the water was turning liquid and creating a magical experience"""
-71.1246,42.38153,Gnarled Apple Tree,gardener,n,y,walk,park,y,timeless,nature,plant,wonder,wild,n,n,n,y,"""wonder; gnarled apple tree 
relevant history: ""Twenty-five years ago, Radcliffe underwent a transformation, creating the Radcliffe Institute for Advanced Study. On the last day of September 1999, a group of Radcliffe College officials gathered at midnight beneath the gnarled apple tree in Radcliffe Yard “to toast the end of the 120-year-old institution’s independence from Harvard and the birth of the Institute,” according to the Harvard Crimson.""
https://www.radcliffe.harvard.edu/radcliffe-25"""
-71.1209,42.37323,Golden sculpture at Igor Fokin memorial,gardener,n,y,walk,street,n,timeless,visual_design,art/object,mystery,impressive,n,n,n,y,"""mystery; gold sculpture of puppeteer"""
-71.0871,42.36276,Google Cambridge,CRA,n,y,walk,industry/office,n,timeless,epiphany/knowledge,communities,mystery,exclusive,n,n,n,n,"""mystery; wondering what goes on in here"""
-71.1024,42.36483,Graffiti Alley - Richard B. “Rico” Modica Way,CRA,n,y,walk,street,n,timeless,visual_design,art/object,wonder,impressive,y,y,n,n,"""wonder; moment of discovery that is memorable"""
-71.1284,42.398,Half Dome of Moss Growing in Pavement,gardener,n,n,walk,street,n,periodic,nature,plant,wonder,wild,n,n,n,y,"""Ball like green and furry, Exceptional mossy nodes, Random; not where you expected it to be; Amusing; sort of like plants growing in the sidewalk (inexact location)"""
-71.1155,42.37823,Harvard Natural History Museum,CRA,n,y,walk,educational,n,daily,nature,art/object,mystery,impressive,n,n,n,n,"""mystery/vastness-
""I like the rock/natural history museums.  Looking at the multiple examples of crystals and rocks that grow naturally gives me a sense of wonder at nature's creation and a feeling that I am part of something larger than my little world. """""
-71.119,42.37336,Harvard Square T-Stop,CRA,n,y,walk,plaza,y,ephemeral,visual_design,infrastructure,wonder,impressive,y,n,n,n,"""wonder: arriving in Cambridge for the first time in 2013, exiting T station and experiencing Harvard Square, its history, and prestige"""
-71.1441,42.36962,Hawks at Washington Tower,personal,y,n/a,walk,park,n,ephemeral,nature,animal,wonder,wild,n,y,n,y,"""beholding three hawks circling the washingington tower"""
-71.0815,42.36463,Henri A. Termeer Square,CRA,n,y,walk,park,n,timeless,nature,green space,wonder,intimate,y,n,n,n,"""pocket parks can be charming; things that you stumble upon
finds these moments or places to be one of the most compelling about others cities → finds that these things make a place memorable"""
-71.1053,42.36612,History and Community of Cantab Lounge,CRA,n,n,walk,"civic, community and cultural venues",y,daily,collective_effervescence,communities,interconnection,impressive,n,n,n,n,"""interconnection - impressive due to age and longevity
- Inspiring to be a part of community, exciting, joyful
- Went there and witnessed karaoke with lots of locals"""
-71.1182,42.37444,History of Harvard University,gardener,n,y,walk,educational,y,timeless,epiphany/knowledge,communities,mystery,impressive,n,n,n,n,"""mystery: unknown stories, history and famous people who are connected to the campus; also cool architecture"""
-71.1181,42.37524,Holden Chapel,personal,y,n/a,walk,street,n,timeless,visual_design,architecture,beauty,ornate,n,y,n,n,beautiful building that caught my attention 
-71.1263,42.39265,House of Many Doors,CRA,y,n,walk,street,n,timeless,visual_design,architecture,beauty,impressive,n,n,n,n,"""appreciation/whimsy - Doors at different heights and directions ; windows are all over the place"""
-71.0829,42.36843,Hurley Street Community Garden,gardener,n,y,walk,park,n,seasonal,moral_beauty,communities,beauty,inclusive,n,n,y,n,"""1. beautiful but small and cozy space; free; ownership of this space that allows for hands on engagement
2. moment of wonder discovering community garden"""
-71.0854,42.36268,Ice Melting on Charles River,CRA,y,n,walk,industry/office,n,seasonal,nature,weather,beauty,wild,n,n,n,n,"""nature, beauty; watching ice melt on Charles River from office"""
-71.0835,42.37014,Indigenous Street Sign,personal,y,n/a,walk,street,n,timeless,epiphany/knowledge,art/object,wonder,novel,n,n,n,n,
-71.1514,42.38942,Juvenile Owl at Black's Nook,gardener,n,y,walk,park,n,ephemeral,nature,animal,wonder,wild,n,n,y,y,"""wonder; intimate; nature: intimate space in the city; once saw a juvenile owl here; mystery of connecting with something other"""
-71.0857,42.37097,Juxtaposition of Church and Brick Building,personal,y,n/a,walk,street,n,timeless,visual_design,architecture,beauty,impressive,n,n,n,n,
-71.0874,42.36282,Kendall Public Lobby Events,CRA,n,y,walk,"civic, community and cultural venues",n,recurring,collective_effervescence,event,interconnection,inclusive,n,n,n,n,"""interconnection; kendall public lobby events; history of candy
- https://www.kendallcenter.com/events-public-programs/kendall-public-lobby/
- https://www.cambridgehistorymuseum.com/how-sweet-it-is"""
-71.0817,42.36385,Kendall Square Association Social,CRA,n,y,walk,industry/office,n,recurring,collective_effervescence,event,interconnection,inclusive,n,n,n,n,"""interconnection; connecting with different types of people at the KSA events and being able to interact with the scientists who enjoy the fruits of his labor
-- these events change location in Kendall Sq. """
-71.1406,42.38259,Lakeview Ave Gardens,gardener,n,y,walk,street,n,seasonal,nature,plant,beauty,curated,n,n,n,n,"""visible/accessible beauty"""
-71.1213,42.37543,Larsen Hall,personal,y,n/a,walk,street,n,timeless,visual_design,architecture,beauty,ornate,n,n,n,n,interesting windows and brick features
-71.1061,42.36356,Lavender Resilience,gardener,n,n,walk,residences,n,seasonal,nature,plant,wonder,impressive,n,n,n,n,"""impressed by the resilience of a lavender plant that has survived a winter of being buried in snow"""
-71.1323,42.40048,Learning Woodworking,gardener,n,n,walk,residences,n,ephemeral,epiphany/knowledge,art/object,wonder,novel,n,n,n,n,""" Delightful to find out she's good at it; Learning lots about how wood behaves;Appreciation of the different material properties of wood"""
-71.0896,42.36309,Lecture about Kendall Square,CRA,n,y,walk,educational,y,recurring,epiphany/knowledge,event,wonder,impressive,n,n,n,n,"""interconnection: went to talk about origin of Kendall Square"""
-71.1417,42.38205,Lexington St. Gardens,gardener,n,y,walk,street,n,seasonal,nature,plant,beauty,curated,n,n,n,n,"""visible/accessible beauty"""
-71.0849,42.37034,Library Magnolias,personal,y,n/a,walk,street,n,timeless,nature,plant,wonder,curated,n,n,n,y,
-71.1378,42.38458,Lilac Bush Bud,gardener,n,y,walk,residences,n,seasonal,nature,plant,mystery,wild,n,n,n,y,"""mystery; progression of lilac bud growing one winter during the pandemic when she could see the changes from her window as she did yoga class each morning"""
-71.1165,42.37245,List of Events,personal,y,n/a,walk,street,n,timeless,epiphany/knowledge,art/object,wonder,impressive,n,y,n,n,"""amazed by how much was going on"""
-71.1553,42.38424,Little Fresh Pond Dog Beach,gardener,n,y,walk,park,n,timeless,nature,vista,vastness,expansive,n,n,n,n,"""vastness; nature - view of sky and clouds"""
-71.1239,42.38097,Locust Tree,gardener,n,y,walk,park,n,timeless,nature,plant,wonder,impressive,n,n,n,y,"""wonder; locust tree with thorns"""
-71.0753,42.3615,Longfellow Bridge,CRA,n,y,walk,street,y,timeless,visual_design,infrastructure,beauty,ornate,n,n,n,n,"""visual design, beauty and history; it is ""unnecessarily ornate"" and therefore inspiring ; the main piers have sculptures that represent the prows of viking ships because it is believed that the vikings sailed up the Charles"""
-71.0969,42.37034,Looming Building,CRA,n,n,walk,street,n,timeless,visual_design,architecture,vastness,impressive,n,n,n,n,"""vastness - can see new somerville building that looms over neighborhood; its feels omnipresent; provides variation of scale and vastness"""
-71.1047,42.36588,Lost and Found Wallet,CRA,n,y,walk,street,n,ephemeral,moral_beauty,people,interconnection,impressive,n,y,n,n,"""interconnection; anecdote of losing wallet between YMCA and Central Sq. T station and 3 days later someone mailed his wallet to him"""
-71.0951,42.36644,Magnolia Flowers,personal,n,n/a,walk,street,n,seasonal,nature,plant,beauty,impressive,n,n,n,n,
-71.0851,42.36241,Main Street on Fourth of July,CRA,n,y,walk,street,n,recurring,collective_effervescence,event,interconnection,impressive,n,n,n,n,"""vastness; sheer number of people and seeing the streets in a different way than is typically used"""
-71.1281,42.3747,Man Zamboni-ing Rink by Hand at Cambridge Skating Club,CRA,n,y,walk,"civic, community and cultural venues",n,seasonal,epiphany/knowledge,people,mystery,impressive,n,y,n,n,"""surprise; change of routine; witness man hand zamboni-ing outdoor ice rink"""
-71.0942,42.36009,Massachusetts Institute of Technology,gardener,n,y,walk,educational,y,timeless,epiphany/knowledge,communities,vastness,impressive,n,n,n,n,"""vastness; enduring quality of being impressive and influential"""
-71.0849,42.36497,Maya Lin - Sound Waves,CRA,n,y,walk,park,n,timeless,visual_design,art/object,wonder,intimate,n,n,n,n,"""pocket parks can be charming; things that you stumble upon
finds these moments or places to be one of the most compelling about others cities → finds that these things make a place memorable"""
-71.1287,42.38598,Melting Snow Piles,gardener,n,n,walk,street,n,seasonal,nature,weather,wonder,novel,n,y,n,n,"""amazed how how quickly the snow piles have been melting"""
-71.0928,42.36952,Mint Colored House,personal,y,n/a,walk,street,n,timeless,visual_design,architecture,beauty,ornate,n,n,n,n,the color of the house and the number on the side
-71.0941,42.35835,MIT Chapel,gardener,n,y,walk,educational,n,daily,visual_design,art/object,mystery,impressive,n,y,n,n,"""mystery: reflection in chapel"""
-71.0864,42.36211,MIT Museum,CRA,n,y,walk,educational,n,daily,epiphany/knowledge,art/object,mystery,impressive,n,n,n,n,"""mystery"""
-71.0886,42.36723,Moderna during Covid-19 Pandemic,CRA,n,y,walk,industry/office,n,ephemeral,epiphany/knowledge,architecture,interconnection,impressive,n,n,n,n,"""vastness; feeling global impact and connection during the pandemic; ""we're all dependent on what happens in these buildings even though we might not understand it"""
-71.0949,42.36805,Morning Light on Kitchen Table,personal,n,n/a,walk,residences,n,seasonal,nature,light,wonder,novel,n,y,n,n,beautiful light on kitchen table that seems to be seasonal
-71.145,42.37521,Mount Auburn Cemetery,gardener,n,y,walk,park,y,timeless,nature,green space,vastness,intimate,n,n,y,n,"""wonder + vastness: lots of old plants and burial plots; peaceful; beautiful monuments; can get lost there"
-71.1455,42.37359,Mount Auburn Solstice Winter Lights Festival,gardener,n,y,walk,park,n,seasonal,visual_design,event,wonder,novel,n,n,n,n,"""wonder"""
-71.1511,42.38933,Mud Season Frogs at Black's Nook,gardener,n,y,walk,park,n,seasonal,nature,animal,wonder,wild,n,n,y,y,"""wonder; intimate; nature: intimate space in the city; enjoying the frogs during mud season; mystery of connecting with something other"""
-71.0789,42.36993,Mural of Working Life,CRA,n,y,walk,street,n,timeless,visual_design,art/object,wonder,ornate,n,n,n,n,"""mystery in discovery; wonder and appreciation that this it here to enjoy; interconnection being a part of a public conversation viz-a-viz this art piece-- 2nd st across from multicultural arts center
Sculpture piece that is houses and work scene; looks like colonial art"""
-71.1015,42.36381,Mural outside the Middle East,CRA,n,y,walk,street,n,timeless,visual_design,art/object,wonder,ordinary,n,n,n,n,"""wonder - enjoys murals that depict real life in Cambridge and demonstrate how the city has changed over time"""
-71.1273,42.39,Mushroom Logs,gardener,n,n,walk,park,n,seasonal,nature,plant,wonder,impressive,n,n,n,y,"""Excitement of colonized mushroom log"""
-71.1273,42.38994,Mycelium at McMath Park Community Garden,gardener,n,y,walk,park,n,seasonal,nature,plant,vastness,wild,n,n,n,y,"""smell of the soil; vastness of noticing the mycelium"""
-71.1166,42.37238,Mysterious Courtyard,personal,y,n/a,walk,street,n,timeless,visual_design,architecture,mystery,exclusive,n,n,y,n,
-71.0975,42.36291,Necco Factory,CRA,n,y,walk,industry/office,y,timeless,epiphany/knowledge,architecture,interconnection,impressive,n,n,n,n,"""interconnection through global distribution"""
-71.1293,42.38642,Neighbor Cleaning Up Sidewalk,gardener,n,n,walk,street,n,periodic,moral_beauty,people,interconnection,impressive,n,y,n,n,"""noticing and appreciating neighbor who was cleaning up her sidewalk from the debris that's apparent after the snow has melted;Appreciation for people who are doing this; people improving surroundings for themselves and others"""
-71.066,42.35843,Nichols House Museum,gardener,n,y,walk,"civic, community and cultural venues",y,daily,moral_beauty,people,wonder,inclusive,n,n,n,n,"""wonder; social responsibilty - womens suffrage"""
-71.0988,42.383,Nunziato Dog Park,CRA,n,n,walk,park,n,daily,collective_effervescence,people,interconnection,inclusive,n,n,n,y,"""interconnection
Captive audience in dog park
Excuse to strike up conversations with strange
Share experience of whatever weird thing a dog is doing
https://aabirkett.wixsite.com/nunziatodogs"""
-71.1417,42.37209,Observations from an Awe Walk in Mt. Auburn Cemetery,gardener,y,n,walk,park,n,seasonal,nature,animal,wonder,wild,n,n,n,y,"“Cardinal song, mind settling, breathing deeply, ice becoming liquid, chickadee, red tailed hawk, squirrel sputtering a warning, grey squirrels foraging the first awakening growth in the elm branches, memories of earlier walks alone and with companions, stillness, tombstones of distant relatives a time long ago, the sound of dripping water, first thaw, a robin.”"
-71.1143,42.37167,Old Cambridge Baptist Church,gardener,n,n,walk,"civic, community and cultural venues",n,timeless,visual_design,architecture,beauty,ornate,n,y,n,n,"""visual design; seeing the familiar as new; appreciating the beauty of the church where she does ballet"""
-71.1064,42.36433,Old Home Being Moved,personal,y,n/a,walk,street,y,periodic,epiphany/knowledge,architecture,wonder,impressive,n,n,n,n,
-71.1397,42.37595,Old Oak Tree in Lowell Park,gardener,n,n,walk,park,y,timeless,nature,plant,interconnection,wild,n,n,n,y,"""nature - interconnection; old oak tree that has been a witness to so much history"""
-71.0938,42.36904,Ornate Wooden Home,personal,y,n/a,walk,street,n,timeless,visual_design,architecture,beauty,ornate,n,n,n,n,its not a particularly beautiful home but something about its ornate quality caught me
-71.1447,42.38316,Pedestrians and Cyclists Near Fresh Pond,gardener,n,y,walk,park,n,daily,collective_effervescence,people,interconnection,familiar,n,n,n,n,"""interconnection"""
-71.1046,42.36185,Peggy Hayes Memorial Garden,gardener,n,y,walk,park,n,seasonal,collective_effervescence,communities,mystery,impressive,n,y,n,y,"""mystery: people at community garden (example of learning chinese poetry one summer and chinese gardener/friend reciting poems; peruvian gardener who brings son that digs 2 ft holes)"""
-71.1195,42.38377,People Pouring onto the Street,CRA,n,y,walk,street,n,ephemeral,collective_effervescence,people,interconnection,impressive,n,n,n,n,"""vastness- people pouring onto the street when Trump lost the election"""
-71.0928,42.34144,People Watching on Bench,gardener,y,n,walk,park,n,daily,collective_effervescence,people,interconnection,ordinary,n,n,n,y,"""interconnection on awe walk- noticing and appreciating life around him; geese around; someone practicing saxophone; glitter on water from sun; fantastic oak trees with dry leaves clattering in the wind; gorgeous sycamore tree; ""slushy blue-grey skin of ice on the lagoon,"" ""squishy footsteps of people walking buy"""
-71.10702,42.37456,Peregrine Falcon in Street Tree,CRA,n,y,walk,street,n,periodic,nature,animal,wonder,wild,n,n,n,y,
-71.0954,42.36056,Perseverant Street Tree,personal,y,n/a,walk,street,n,timeless,nature,plant,wonder,impressive,n,n,n,y,
-71.1267,42.39037,Pink Triangle on Roof of House,gardener,n,y,walk,residences,n,seasonal,nature,light,wonder,novel,n,n,n,n,"""wonder; Tiny moments like in winter when looking out of the window and if there is snow on the roof of the neighbors house, there is a pink rectangle"""
-71.0621,42.3662,Playoff Hockey Game at TD Garden,personal,n,n/a,walk,"civic, community and cultural venues",n,periodic,collective_effervescence,event,interconnection,impressive,n,n,n,n,
-71.0873,42.36245,Plowed Bike Lane,personal,y,n/a,walk,street,n,seasonal,moral_beauty,art/object,interconnection,inclusive,n,n,n,n,
-71.0851,42.36541,Potential NASA location in 1960s,CRA,n,y,walk,industry/office,y,timeless,epiphany/knowledge,architecture,interconnection,impressive,n,n,n,n,"""interconnection through history"""
-71.102,42.36532,Potluck Mural,CRA,n,y,walk,street,n,timeless,visual_design,art/object,wonder,familiar,n,n,n,n,"""wonder - enjoys murals that depict real life in Cambridge and demonstrate how the city has changed over time"""
-71.0766,42.35001,Protest at Copley Square,personal,n,n/a,walk,plaza,n,periodic,collective_effervescence,people,interconnection,impressive,n,n,n,n,
-71.1173,42.37286,Radial Doorway,personal,y,n/a,walk,street,n,timeless,visual_design,architecture,beauty,ornate,n,n,n,n,beautiful doorway 
-71.1279,42.38657,Raymond Park Community Garden,gardener,n,y,walk,park,n,seasonal,moral_beauty,communities,interconnection,inclusive,n,n,y,y,"""interconnection with others who share produce and knowledge + the navigation of shares resources like the hose; garden is soothing and enjoyable"""
-71.0865,42.37055,Red and Green Buildings,personal,y,n/a,walk,street,n,timeless,visual_design,architecture,wonder,impressive,n,n,n,n,the juxtaposition of these buildings and their colors created a moment of awe
-71.1245,42.38168,Reishi Mushroom,gardener,n,y,walk,park,n,seasonal,nature,plant,wonder,impressive,n,n,n,y,"""wonder: Reishi mushroom that grows on a a tree in Radcliffe"""
-71.1273,42.39001,Resilience of Parsley Plant,gardener,n,n,walk,park,n,seasonal,nature,plant,wonder,impressive,n,n,n,y,"""wonder of the plant's resilience , coming back after the winter"""
-71.0811,42.37019,Resilient Oak and Waves of Asphalt,personal,y,n/a,walk,street,n,timeless,nature,plant,wonder,impressive,n,n,n,n,
-71.1289,42.38593,Resilient Witch Hazel,gardener,n,n,walk,residences,n,seasonal,nature,plant,wonder,impressive,n,n,n,n,"""noticing that her witch hazel was nearly covered with snow the week prior; plants being resilient and ""just carrying on"" - this is also reassuring"""
-70.9859,42.42023,Revere Beach,gardener,y,n,walk,waterfront,n,timeless,nature,water,vastness,impressive,n,n,n,n,"""interconnection, vastness, nature- went to the beach knowing that this is a hub of diversity; no one was on the beach and northeast winds were strong"""
-71.1424,42.39841,Rhythm of the Reeds,gardener,n,n,bike,park,n,timeless,nature,green space,wonder,ordinary,y,n,n,n,"""pleasing transition from a sandy to wooden path accompanied by reeds on either side that add a rhythmic quality; enjoyment of the material property of the wood"""
-71.1158,42.35805,Riverside Boat Club,CRA,n,y,walk,"civic, community and cultural venues",n,timeless,moral_beauty,communities,interconnection,inclusive,n,n,n,n,"""interconnection; it matters if you show up and contribute"""
-71.0787,42.37006,Row of Columns,CRA,y,n,walk,street,n,timeless,visual_design,architecture,beauty,ornate,n,n,n,n,"""They represent someone making a choice that I enjoyed."""
-71.0972,42.36225,Rube Goldberg Machines - Old MIT Museum,CRA,n,y,walk,educational,n,recurring,collective_effervescence,event,mystery,impressive,n,n,n,n,"""mystery; - experience of “oh thats how that works” or “oh i hadnt thought of that in that way”this used to be the MIT Museum and home to the ""Friday After Thanksgiving"" Chain Reaction event where people would come together with Rube Goldberg Machines. This took place between 1997-2019."""
-71.1237,42.39191,Russell Apartments and Townhouse Row,CRA,y,n,walk,street,n,timeless,visual_design,architecture,beauty,ordinary,n,n,n,n,"""beauty - appreciation of the mixed used nature of the area; Weird mix of density and uses - “its not cohesive but somehow it just makes sense”"""
-71.0956,42.3678,Secret Back Yard 1,CRA,y,n,walk,street,n,timeless,visual_design,architecture,mystery,exclusive,n,n,y,n,"""mystery - Interstitial spaces - mystery of what's around the corner; mystery of how people are having private lives so adjacent to public space"""
-71.0958,42.36791,Secret Back Yard 2,CRA,y,n,walk,street,n,timeless,visual_design,architecture,mystery,exclusive,n,n,y,n,"""Interstitial spaces - mystery of what's around the corner; mystery of how people are having private lives so adjacent to public space"""
-71.0797,42.36644,Sidewalk Poem,CRA,y,n,walk,street,n,timeless,visual_design,art/object,interconnection,ornate,n,n,n,n,"""a conversation started by someone else and left for me to discover and complete through my own interpretation - which I find joyful and whimsical - a type of awe
https://experience.arcgis.com/experience/3b9ec94f3e0d408ba9f2d3aa30d666c6/page/default?views=Sidewalk-Poetry%2CSidewalk-Poetry-#data_s=id%3AdataSource_1-18eed318ed5-layer-70%3A35"""
-71.106,42.36362,Sidewalk Society,gardener,n,y,walk,street,n,daily,collective_effervescence,people,interconnection,familiar,n,n,n,n,"""interconnection: guy from Barbados who called him chief; people to look at and talk to on sidewalk; increased opportunity through shoveling"""
-71.0975,42.36295,Smell of Candy from Cambridge Brands Inc,personal,n,n/a,walk,street,n,daily,epiphany/knowledge,smell,wonder,novel,y,n,n,n,
-71.0851,42.37172,Smoke This Rib Festival,CRA,n,y,walk,street,n,recurring,collective_effervescence,event,interconnection,impressive,n,n,n,n,"""vastness + interconnection; https://eastcambridgeba.com/smoke-this-rib-fest"""
-71.0949,42.36811,Snow Fort,personal,n,n/a,walk,street,n,seasonal,nature,art/object,wonder,novel,n,n,y,n,
-71.1283,42.3857,Snowdrops near Sidewalk,gardener,n,n,walk,street,n,seasonal,nature,plant,wonder,wild,n,y,n,n,"""nature - spring ephemerals"""
-71.0946,42.36724,Snowed in Car,personal,n,n/a,walk,street,n,seasonal,nature,weather,beauty,impressive,n,n,n,n,
-71.0913,42.3544,Snowy Charles River,personal,n,n/a,walk,waterfront,n,timeless,nature,vista,beauty,expansive,n,n,n,n,
-71.0305,42.39444,Social Joy Through Volunteering,gardener,n,n,walk,"civic, community and cultural venues",n,recurring,collective_effervescence,event,interconnection,inclusive,n,n,n,y,"""Social joy and love of connection
In Chelsea, two or three times a week between february and mid april he will work for a few hours at the neighborhood developers community development corporation to help people prepare tax documents for spanish speaker"""
-71.0683,42.35555,Social Responsibility in Beacon Hill,gardener,n,y,walk,street,y,timeless,moral_beauty,people,vastness,inclusive,n,n,n,n,"""vastness; history and social responsibility"""
-71.132,42.38281,Softened Edges,gardener,n,n,walk,street,n,seasonal,nature,weather,beauty,novel,n,n,n,n,"""noticing the amount of snow this winter and the ways in which things have rounded rather than hard edges when covered in snow"""
-71.1061,42.38963,Somerville Winter Farmers Market at the Armory,personal,n,n/a,walk,"civic, community and cultural venues",n,seasonal,collective_effervescence,event,interconnection,impressive,n,n,n,n,
-71.083,42.37065,Sound of Oak Leaves,personal,y,n/a,walk,street,n,seasonal,nature,plant,wonder,novel,y,n,n,n,
-71.1445,42.37327,Sphinx and Chapel,personal,y,n/a,walk,park,n,timeless,visual_design,architecture,beauty,ornate,n,n,n,n,juxaposition and architectural variety of tombstones in cemetery
-71.069,42.36902,Spring Daffodils at North Point Park,gardener,n,y,walk,park,n,seasonal,nature,plant,wonder,curated,n,n,n,n,"""wonder/attention"""
-71.0941,42.36704,Spring Flowers,personal,n,n/a,walk,street,n,seasonal,nature,plant,beauty,novel,n,y,n,n,beautiful
-71.1209,42.39065,St. James Episcopal Church,CRA,n,y,walk,"civic, community and cultural venues",n,daily,moral_beauty,communities,wonder,inclusive,n,n,n,n,"""wonder and interconnection; beautiful church with that wonderful community that does a great job to connect people by setting up one-on-one conversations and coffee hours; lots of opportunities to get involved
- feeling of mattering to community because there are only 80 members and it matters if you show up and support it"""
-71.1017,42.36522,Starlight Dance Party,CRA,n,y,walk,plaza,n,recurring,collective_effervescence,event,wonder,impressive,n,n,n,n,"""never got to attend one of the dance parties and they no longer happen"""
-71.0743,42.37197,Summer Nights at Cambridge Crossing,gardener,n,y,walk,park,n,seasonal,moral_beauty,event,interconnection,inclusive,n,n,n,n,"""interconnection; free concert for community"""
-71.0921,42.36039,Sunset from Outfinite Corridor,personal,n,n/a,walk,street,n,periodic,nature,light,beauty,novel,n,n,n,n,
-71.1398,42.37588,Sunset Snow in Lowell Park,gardener,y,n,walk,park,n,seasonal,nature,light,beauty,novel,n,n,n,n,"""observing pink and blueish snow while the sun was setting"""
-71.0909,42.37046,Sycamore and Birds,personal,y,n/a,walk,park,n,periodic,nature,plant,wonder,impressive,n,n,n,y,
-71.1079,42.36178,Sycamore Tree_1,personal,y,n/a,walk,street,n,timeless,nature,plant,beauty,impressive,n,n,n,y,
-71.1376,42.37716,Sycamore Tree_2,personal,y,n/a,bike,street,n,timeless,nature,plant,beauty,impressive,n,n,n,y,
-71.143,42.39672,Tall Teasel Plant,gardener,n,y,walk,park,n,seasonal,nature,plant,wonder,impressive,n,n,n,y,"""wonder"""
-71.1016,42.38806,The Friend Smithsonian Museum Yard Ornaments,personal,n,n/a,walk,street,n,timeless,visual_design,art/object,wonder,impressive,n,y,n,n,amount of yard ornaments
-71.1172,42.37158,The Harvard Lampoon,personal,y,n/a,walk,street,n,timeless,visual_design,architecture,beauty,ornate,n,n,n,n,beautiful building well situated within the streetscape; the door in particular caught my attention
-71.1317,42.38471,The Shady Side of the Street,gardener,n,n,walk,street,n,daily,nature,light,wonder,wild,n,n,n,n,"""noticing the shady side of the street based on the presence of snow piles"""
-71.0941,42.37028,The Sound of a Stream,CRA,y,n,walk,street,n,ephemeral,epiphany/knowledge,sound,beauty,novel,n,y,n,n,"""beauty/joy/curiosity - stopped to notice the sound of a stream while walking on Windsor St, which turned out to be water draining into a storm drain"""
-71.1367,42.40095,The Sound of the Sand,gardener,n,n,bike,park,n,timeless,nature,sound,wonder,ordinary,y,n,n,n,"""pleasurable sound of the sand as you transition from the pavement"""
-71.1234,42.39472,Tiffany Lamp,CRA,y,n,walk,street,n,timeless,visual_design,art/object,wonder,ornate,n,n,n,n,"""mystery/wonder - wondering if this is a design choice; noticing these lamps more frequently"""
-71.1201,42.37496,Tombstone Embedded in Tree,personal,y,n/a,walk,park,y,timeless,nature,plant,wonder,impressive,n,n,n,n,"""amazing to see the tree growing around the tombstone"""
-71.0755,42.35,Trinity Church Cedar Pillars,gardener,n,y,walk,"civic, community and cultural venues",n,timeless,epiphany/knowledge,architecture,wonder,impressive,n,n,n,n,"""cedar pillars as way to learn from nature"""
-71.1212,42.37293,Turkeys in Harvard Square,gardener,n,n,walk,street,n,periodic,nature,animal,wonder,novel,n,y,n,y,"""nature; unexpectedness; noticing what she might otherwise have missed"""
-71.0866,42.36315,Urban Park (UP) Roof Garden,CRA,n,y,walk,park,n,timeless,nature,architecture,wonder,inclusive,n,n,y,n,"""wonder: charming and example of securing public amenities; the space is designed with nook and crannies"""
-71.0884,42.3671,Vaccine Production During Covid,CRA,n,y,walk,industry/office,n,ephemeral,epiphany/knowledge,architecture,interconnection,impressive,n,n,n,n,"""interconnection of Kendall Sq with rest of the world during the pandemic"""
-71.0854,42.36262,View from Cambridge Redevelopment Authority,CRA,n,y,walk,industry/office,n,daily,nature,vista,wonder,expansive,n,n,n,n,"""wonder; view to Charles River, Volpe parcel development; high level view of city that provides a sense of time"""
-71.1338,42.31268,View of Boston from Larz Anderson Park,CRA,y,n,walk,park,n,timeless,nature,vista,wonder,expansive,n,n,n,n,"""awe walk- sense of wonder at top of park"""
-71.0434,42.37,View of Boston Skyline from East Boston,personal,y,n/a,walk,waterfront,n,timeless,nature,vista,beauty,expansive,n,n,n,n,
-71.0678,42.369,Vista + Boston Skyline,gardener,n,y,walk,waterfront,n,timeless,nature,vista,vastness,expansive,n,n,n,n,"""beauty and vastness: walking along the Charles River and enjoy the boston skyline"""
-71.0765,42.35621,Vista from Esplanade,CRA,n,y,walk,waterfront,n,timeless,nature,vista,wonder,expansive,n,n,n,n,"""wonder; seeing the skyline of Backbay"""
-71.0761,42.36488,Vista of Charles River Basin,gardener,n,y,walk,waterfront,n,timeless,nature,vista,wonder,expansive,n,n,n,n,"""wonder; openness"""
-71.087,42.36042,Vista of Charles River Basin + Boston Skyline at Sunset from MIT Media Lab,personal,n,n/a,walk,educational,n,timeless,nature,vista,beauty,expansive,n,n,n,n,
-71.1273,42.37487,Vista to Charles River at Longfellow Park,CRA,n,y,walk,waterfront,n,timeless,nature,vista,beauty,expansive,n,n,n,n,"""attention grabbing; beautiful"""
-71.0815,42.36522,Walkway between Linskey & Binney,CRA,n,y,walk,park,n,timeless,nature,green space,wonder,intimate,y,n,n,n,"""wonder - pocket parks can be charming; things that you stumble upon
finds these moments or places to be one of the most compelling about others cities → finds that these things make a place memorable"""
-71.1221,42.36937,Weld Boat House,CRA,n,y,walk,"civic, community and cultural venues",y,timeless,visual_design,infrastructure,beauty,ornate,n,n,n,n,"""wonder, beauty, excellence and history; viking motif from longfellow bridge is found on this boathouse"""
-71.134,42.38887,Winter at Danehy Park,gardener,n,y,walk,park,n,seasonal,nature,vista,vastness,expansive,n,n,y,n,"""vastness; nature- view of sky and more horizon here; sense of vastness which is increased by the snow and being alone"""
-71.0888,42.36114,Witchhazel,personal,n,n/a,walk,street,n,seasonal,nature,plant,beauty,novel,n,n,n,y,"""first time seeing watchhazel flower and getting to smell it"""
-71.0958,42.36628,Witnessing Connection on Street Corner,personal,n,n/a,bike,street,n,periodic,moral_beauty,people,interconnection,novel,n,n,n,y,
-71.1272,42.39268,Woodworking Design Flourishes,CRA,y,n,walk,street,n,timeless,visual_design,architecture,beauty,ornate,n,n,n,n,"""beauty- appreciation of variation in buildings and beautiful design flourishes"""
-71.1145,42.39133,Yard Ornaments,CRA,n,y,walk,street,n,timeless,visual_design,art/object,mystery,ornate,n,n,n,n,"""mystery of why these people are putting out yard ornaments"""